{"initial_reset_timestamp": 1562770626.0818439, "timestamps": [1562770632.316362, 1562770638.375307, 1562770644.68056], "episode_lengths": [100, 100, 100], "episode_rewards": [-57.63374554445122, -58.9601047406946, -96.89643159855326], "episode_types": ["t", "t", "t"]}