{"initial_reset_timestamp": 1562761630.370786, "timestamps": [1562761634.4124851, 1562761638.555609, 1562761642.6989691], "episode_lengths": [104, 107, 107], "episode_rewards": [104.0, 107.0, 107.0], "episode_types": ["t", "t", "t"]}